insert into Department(id, name) values (1, 'IT');
insert into Department(id, name) values (2, 'Sales');
insert into Department(id, name) values (3, 'Marketing');
insert into Department(id, name) values (4, 'HR');
insert into Department(id, name) values (5, 'Finance');
insert into Department(id, name) values (6, 'Customer Service');


insert into Role(id, title, salary) values (1, 'Software Developer', 700000);
insert into Role(id, title, salary) values (2, 'Marketing Manager', 500000);
insert into Role(id, title, salary) values (3, 'Sales Associate', 400000);
insert into Role(id, title, salary) values (4, 'Project Manager', 1500000);
insert into Role(id, title, salary) values (5, 'Accountant', 400000);


insert into Employee(id, name, phone, email, department_id, role_id) values (1, 'John Smith', '600137579', 'john@gmail.com', 1, 1);
insert into Employee(id, name, phone, email, department_id, role_id) values (2, 'Susan Lin', '286922973', 'susan@gmail.com', 1, 1);
insert into Employee(id, name, phone, email, department_id, role_id) values (3, 'Henry Smith', '704850158', 'henry@gmail.com', 1, 1);
insert into Employee(id, name, phone, email, department_id, role_id) values (4, 'Kyaw Kyaw Oo', '957623761', 'kyaw@gmail.com', 2, 3);
insert into Employee(id, name, phone, email, department_id, role_id) values (5, 'Zaw Naing Lin', '506792935', 'zaw@gmail.com', 3, 2);
insert into Employee(id, name, phone, email, department_id, role_id) values (6, 'Mg Mg Aye', '350127321', 'mgmg@gmail.com', 2, 4);
insert into Employee(id, name, phone, email, department_id, role_id) values (7, 'Rayna Parks', '737685307', 'rayna@gmail.com', 6, 3);
insert into Employee(id, name, phone, email, department_id, role_id) values (8, 'Emmalyn Copeland', '194681397', 'emmalyn@gmail.com', 5, 2);
insert into Employee(id, name, phone, email, department_id, role_id) values (9, 'Brylee Quinn', '347103390', 'brylee@gmail.com', 4, 4);
insert into Employee(id, name, phone, email, department_id, role_id) values (10, 'Aila McGee', '584651559', 'aila@gmail.com', 3, 2);
insert into Employee(id, name, phone, email, department_id, role_id) values (11, 'Alexandria Gates', '738676672', 'alexandria@gmail.com', 2, 3);
insert into Employee(id, name, phone, email, department_id, role_id) values (12, 'Ellen Houston', '591350457', 'ellen@gmail.com', 4, 5);
insert into Employee(id, name, phone, email, department_id, role_id) values (13, 'Bria Doyle', '836206250', 'bria@gmail.com', 6, 5);
insert into Employee(id, name, phone, email, department_id, role_id) values (14, 'Ashley Anderson', '202720850', 'ashley@gmail.com', 2, 4);
insert into Employee(id, name, phone, email, department_id, role_id) values (15, 'Zainab McDonald', '252383047', 'zainab@gmail.com', 5, 2);
insert into Employee(id, name, phone, email, department_id, role_id) values (16, 'Camilla Waters', '501035064', 'camilla@gmail.com', 4, 2);
insert into Employee(id, name, phone, email, department_id, role_id) values (17, 'Mya Hogan', '683830442', 'mya@gmail.com', 3, 2);
insert into Employee(id, name, phone, email, department_id, role_id) values (18, 'Norah Leonard', '624598778', 'norah@gmail.com', 1, 1);
insert into Employee(id, name, phone, email, department_id, role_id) values (19, 'Dante Levy', '323226087', 'dante@gmail.com', 4, 3);
insert into Employee(id, name, phone, email, department_id, role_id) values (20, 'Colson Espinosa', '941869447', 'colson@gmail.com', 5, 2);
insert into Employee(id, name, phone, email, department_id, role_id) values (21, 'Bradley Maddox', '130404238', 'bradley@gmail.com', 6, 2);
insert into Employee(id, name, phone, email, department_id, role_id) values (22, 'London Chen', '623577838', 'london@gmail.com', 6, 3);
insert into Employee(id, name, phone, email, department_id, role_id) values (23, 'Ridge Cameron', '672676324', 'ridge@gmail.com', 3, 3);
insert into Employee(id, name, phone, email, department_id, role_id) values (24, 'Timothy Bowman', '543317444', 'timothy@gmail.com', 5, 3);
insert into Employee(id, name, phone, email, department_id, role_id) values (25, 'Larry Park', '222825318', 'larry@gmail.com', 2, 5);
insert into Employee(id, name, phone, email, department_id, role_id) values (26, 'Wyatt Serrano', '476027291', 'wyatt@gmail.com', 2, 4);
insert into Employee(id, name, phone, email, department_id, role_id) values (27, 'Omari Shannon', '846307853', 'omari@gmail.com', 4, 5);
insert into Employee(id, name, phone, email, department_id, role_id) values (28, 'Nicolas Ross', '705043487', 'nocolas@gmail.com', 6, 5);
insert into Employee(id, name, phone, email, department_id, role_id) values (29, 'Charli Wood', '705043493', 'charli@gmail.com', 1, 4);
insert into Employee(id, name, phone, email, department_id, role_id) values (30, 'Holly Fischer', '705043465', 'holly@gmail.com', 1, 4);